included_article_id,index,GDG,question_id,included_reference,year_pub_extract,author_year_format,oa_retrieved_id,ss_retrieved_id,pmed_retrieved_id,emb_retrieved_id,no_api_retrieved,rob
3,29,1,1.2,"Imran H. J, Dhaher S. A, Mansour M. A. A. Testosterone or Dehydroepiandrosterone Sulfate as A Biomarker for Hirsutism in Women with Polycystic Ovary Syndrome. Biomed Pharmacol J 2020;13(4). DOI: https://dx.doi.org/10.13005/bpj/2056 ",2020,"Imran H. J et al., 2020",w3115543393,231631311.0,,2010947646.0,0,high
8,30,1,1.2,"Kumar H, Halder A, Sharma M, Jain M, Kalsi AK.Dihydrotestosterone- A Potential Biomarker of Hyperandrogenaemia in Polycystic Ovary Syndrome: A Case-control Study from North IndiaJ Clin of Diagn Res.2022; 16(2):QC09-QC14. https://www.doi.org/10.7860/JCDR/2022/51169.15962 ",2022,"Kumar H et al., 2022",w4210881485,246715314.0,,2016849650.0,0,high
21,31,1,1.3,"Imran H. J, Dhaher S. A, Mansour M. A. A. Testosterone or Dehydroepiandrosterone Sulfate as A Biomarker for Hirsutism in Women with Polycystic Ovary Syndrome. Biomed Pharmacol J 2020;13(4).",2020,"Imran H. J et al., 2020",w3115543393,231631311.0,,2010947646.0,0,moderate
22,32,1,1.3,"Kumar, H., Halder, A., Sharma, M., Jain, M., & Kalsi, A. (2022). Dihydrotestosterone- A Potential Biomarker of Hyperandrogenaemia in Polycystic Ovary Syndrome: A Case-control Study from North India. JOURNAL OF CLINICAL AND DIAGNOSTIC RESEARCH. doi: 10.7860/jcdr/2022/51169.15962",2022,"Kumar et al., 2022",w4210881485,246715314.0,,2016849650.0,0,moderate
54,33,1,"1.5.1, 1.5.2","Agrawal, N.; Sharma, R. Correlation of anti-müllerian hormone with clinical, hormonal and ultrasonographic parameters in pcos and normo-ovulatory women: An experience of single tertiary care center. Ital J Gynaecol Obstet 2018;30(4):37-43.",2018,"Agrawal et al., 2018",w2592074721,52258305.0,,625837557.0,0,moderate
56,0,1,"1.5.1, 1.5.2","Al-Jefout M, Alnawaiseh C, Saleh M, Warwar K. Anti-Müllerianhormone (AMH) new cutoff as a possible tool for thediagnosis of polycystic ovary syndrome (PCOS). J Biomed Sci Res. 2021;3(2):139. Doi: 10.36266/JBSR/139.",2021,"Al-Jefout M et al., 2021",,,,,1,moderate
57,34,1,"1.5.1, 1.5.2","Al-Naffakh AS, Risan FA. Assessment of anti-Mullerian hormone and anti ovarian antibody in the sera of patients with polycystic ovarian syndrome in AL-Najaf Al-Ashraf Province. Medico-Legal Update 2020;20(1):600–8. Doi: 10.37506/v20/i1/2020/mlu/194384.",2020,"Al-Naffakh AS et al., 2020",w3019304009,219075869.0,,631712050.0,0,high
66,94,1,"1.5.1, 1.5.2","Deveer M, Deveer R, Basaran O, Turkcu UO, Akbaba E, Cullu N, Turhan N, Kucuk M, Kasap B. Serum Copeptin, Pentraxin 3, Anti-Mullerian Hormone Levels With Echocardiography and Carotid Artery Intima-Media Thickness in Adolescents With Polycystic Ovary Syndrome. J Clin Med Res. 2015 Dec;7(12):989-94. doi: 10.14740/jocmr2375w. Epub 2015 Oct 23. PMID: 26566413; PMCID: PMC4625820.",2015,"Deveer M et al., 2015",w1831551440,13470764.0,26566413.0,,0,moderate
71,35,1,"1.5.1, 1.5.2","Gabr H, Marei ES, The Relation between Anti-Mullerian Hormone with Antral Follicle Count and Ovarian Volume in Polycystic Ovary Syndrome. Arab Journal of Nuclear Sciences and Applications 2019;52(2):84-93. ",2019,"Gabr H et al., 2019",w2937741803,145839132.0,,,0,moderate
78,36,1,"1.5.1, 1.5.2","Kumari A, Tiwari HC, Srivastav R. Comparative Evaluation of Diagnostic Efficacy of Serum Anti-Müllerian Hormone and Ultrasound in Polycystic Ovarian Syndrome. J South Asian Feder Obs Gynae 2018; 10 (2):98-103",2018,"Kumari A et al., 2018",w2886884968,56108717.0,,623466916.0,0,moderate
85,37,1,"1.5.1, 1.5.2","Okcu NT, Nazik H, Akduman AT, Uncu G. The relation between the serum anti-Mullerian hormone levels and follicle count in polycystic ovary syndrome. The European Research Journal. P -2149-3189;4;N1 doi: 10.18621/eurj.332118",,"Okcu NT et al., ",w2763892100,45774233.0,,626135808.0,0,moderate
94,38,1,"1.5.1, 1.5.2","Sharma P, Chawla R, Ahuja R, et al. Anti-Müllerian Hormone as a Surrogate Marker for Hormonal Dysfunction and Sonographic Pattern in Polycystic Ovarian Syndrome. J South Asian Feder Obst Gynae 2019;11(3):175–180. doi: 10.5005/jp-journals-10006-1674",2019,"Sharma P et al., 2019",w3004706540,264624653.0,,2003361136.0,0,moderate
96,39,1,"1.5.1, 1.5.2","Singh S, Firdaus A, Choudhary R, Dhama V. Role of antimullerian hormone as a diagnostic tool for polycystic ovary syndrome. Int J Reprod Contracept Obstet Gynecol. 2020;9(9):3730. DOI: 10.18203/2320-1770.ijrcog20203847.",2020,"Singh S et al., 2020",w3082046540,225296526.0,,,0,low 
101,40,1,"1.5.1, 1.5.2","Tunҫ S, and Ozkan B. Analysis of New Biomarkers for the Diagnosis of Polycystic Ovary Syndrome in Adolescents Ergenlerde Polikistik Over Sendromu Tanisi icin Yeni Biyobelirteclerin Analizi. The Journal of Current Pediatrics, vol. 19, no. 3, Dec. 2021, pp. 311+. Gale OneFile: Health and Medicine.",2021,"Tunҫ S et al., 2021",w4200322119,245488911.0,,2016058871.0,0,high
108,17,1,1.6,"Azziz R, Woods KS, Reyna R, Key TJ, Knochenhauer ES, Yildiz BO. The prevalence and features of the polycystic ovary syndrome in an unselected population. Journal of Clinical Endocrinology & Metabolism. 2004;89(6):2745-2749. doi: 10.1210/jc.2003-032046",2004,"Azziz R et al., 2004",w2096887626,,15181052.0,38766360.0,0,moderate
119,18,1,1.6,"Deswal R, Dang AS, Nanda S. Prevalence of Poly Cystic Ovary Syndrome (PCOS) in North Indian women. Indian Journal of Health and Wellbeing. 2014;5(6):742-744.",2014,"Deswal R et al., 2014",W2221924240,,,,0,high
123,41,1,1.6,"Vidya Bharathi R, Swetha S, Neerajaa J, et al. An epidemiological survey: Effect of predisposing factors for PCOS in Indian urban and rural population. Middle East Fertility Society Journal. 2017;22(4):313-316. doi: 10.1016/j.mefs.2017.05.007",2017,"Vidya Bharathi R et al., 2017",w2622001743,79796927.0,,616717694.0,0,high
125,19,1,1.6,"Asuncion M, Calvo RM, San Millan JL, Sancho J, Avila S, Escobar-Morreale HF. A prospective study of the prevalence of the polycystic ovary syndrome in unselected Caucasian women from Spain. Journal of Clinical Endocrinology & Metabolism. 2000;85(7):2434-2438. doi: 10.1210/jcem.85.7.6682",2000,"Asuncion M et al., 2000",w2145360267,,,32269197.0,0,moderate
138,20,1,1.6,"Salehpour S, Shirvani HE, Entezari A. Evaluation of the prevalence of polycystic ovarian syndrome among adolescent (15-18 years old) girls in Tehran during 2005-2006. International Journal of Fertility and Sterility. 2010;4(3):122-127.",2005,"Salehpour S et al., 2005",w1564438389,,,361139760.0,0,moderate
139,21,1,1.6,"Sharif E, Rahman S, Zia Y, Rizk NM. The frequency of polycystic ovary syndrome in young reproductive females in Qatar. Int J Womens Health. 2017;9:1-10. doi: 10.2147/IJWH.S120027",2017,"Sharif E et al., 2017",w2566703296,,28031728.0,613909898.0,0,high
143,42,1,1.6,"Dashti S, Latiffah Abdul L, Habibah Abdul H, et al. Prevalence of Polycystic Ovary Syndrome among Malaysian Female University Staff. Journal of Midwifery & Reproductive Health. 2019;7(1):1560-1568. doi: 10.22038/jmrh.2018.30370.1329",2019,"Dashti S et al., 2019",w2908016117,59294762.0,,,0,moderate
150,95,1,1.6,"Park YJ, Shin H, Jeon S, Cho I, Kim YJ. Menstrual Cycle Patterns and the Prevalence of Premenstrual Syndrome and Polycystic Ovary Syndrome in Korean Young Adult Women. Healthcare (Basel). 2021 Jan 7;9(1):56. doi: 10.3390/healthcare9010056. PMID: 33430265; PMCID: PMC7825721.",2021,"Park YJ et al., 2021",w3119973325,231587826.0,33430265.0,,0,moderate
182,43,1,1.9.1,"Begum, N., Arayousuf, N., Farooq, M. S., Chowdhury, M. A. K. & Ferdous, M. Association of Impaired Glucose Tolerance and Insulin Resistance in Women with Polycystic Ovary Syndrome. Bangladesh Journal of Obstetrics and Gynecology 34(2), 93-98, doi:https://dx.doi.org/10.3329/BJOG.V34I2.58273 (2019).",2019,"Begum et al., 2019",w4285785180,249302770.0,,2018879426.0,0,high
186,44,1,1.9.1,"Fuad, Z. F. & Alobaidy, E. J. Association of hba1c levels with body mass index in a patient diagnosed with polycystic ovary syndrome. Indian Journal of Public Health Research and Development 9(7), 298-303, doi:https://dx.doi.org/10.5958/0976-5506.2018.00659.9 (2018).",2018,"Fuad et al., 2018",w2883321547,80707567.0,,623241299.0,0,high
234,22,1,1.9.1,"Apridonidze T, Essah PA, Iuorno MJ, Nestler JE. Prevalence and characteristics of the metabolic syndrome in women with polycystic ovary syndrome. J Clin Endocrinol Metab 2005;90:1929–1935.",2005,"Apridonidze T et al., 2005",w2095810284,,15623819.0,40586223.0,0,high
235,45,1,1.9.2,"Altemimi MT, Musa AK, Mansour AA. The Performance of Glycated Hemoglobin vs. Oral Glucose Tolerance Test in the Diagnosis of Glycemic Disorders among Women with Polycystic Ovary Syndrome in Southern Iraq. The Indonesian Biomedical Journal. 2021 Jun 14;13(2):178-85.",2021,"Altemimi MT et al., 2021",w3159167513,263920048.0,,642635766.0,0,high
266,46,1,1.11,"Uehara, T., Mitsuhashi, A., & Shozu, M. (2020). The impact of pre-existing polycystic ovary syndrome on endometrial cancer recurrence. European Journal Of Gynaecological Oncology, 41(5), 668. doi: 10.31083/j.ejgo.2020.05.5038",2020,"Uehara et al., 2020",w3093217300,225128815.0,,2008498423.0,0,high
277,1,1,1.12,"SIR-PETERMANN, T., VANTMAN, N., CONCHA, F., ECHIBURU, B., PEREIRA, C., DE GUEVARA, A. L., CRISOSTO, N. R., PEREZ-BRAVO, F. A. & SANTOS, J. L. 2014. Metabolic Profile and Eating Behavior Score in Prepubertal and Early Pubertal Sons of Women with Polycystic Ovary Syndrome. Endocr. Rev., 35, 2.",2014,"SIR-PETERMANN et al., 2014",,,,72337714.0,0,moderate
282,2,1,1.12,"Leblanc, S. H., Leblanc, S., Battista, M. C., Geller, D. H., & Baillargeon, J. P. (2016). Evolution of metabolic alterations 5 years after peri-pubertal years in young girls genetically predisposed to polycystic ovary syndrome compared to age-matched control girls. Endocrine Reviews, 37(2 Supplement 1). doi:https://dx.doi.org/10.1210/endo-meetings.2016.RE.5.SUN-156",2016,"Leblanc et al., 2016",,,,613520762.0,0,moderate
293,3,1,1.12,"Lenarcik, A., Bidzinska-Speichert, B. and Tworowska-Bardzinska, U. (2011) ‘Metabolic Abnormalities in Siblings of Women with Polycystic Ovary Syndrome’, ADVANCES IN CLINICAL AND EXPERIMENTAL MEDICINE, 20(2), pp. 165–175. ",2011,"Lenarcik et al., 2011",,74019465.0,,361801597.0,0,high
297,47,1,1.12,"Trottier, A., Battista, M. C., Carpentier, A., Simoneau-Roy, J., Geller, D., & Baillargeon, J. P. (2011). Early metabolic and endocrine perturbations in pre- or peripubertal girls with a first degree relative with polycystic ovary syndrome. Fertility and sterility, 96(3), S129-S129. doi:10.1016/j.fertnstert.2011.07.502",2011,"Trottier et al., 2011",w2054733162,72795004.0,,70650695.0,0,moderate
298,48,1,1.12,"Trottier, A., Battista, M. C., Simoneau-Roy, J., Carpentier, A., Geller, D. H., & Baillargeon, J. P. (2011). Early metabolic and endocrine perturbations in first-degree relative adolescent girls of polycystic ovary syndrome women. Endocrine Reviews, 32(3 Meeting Abstracts). ",2011,"Trottier et al., 2011",W4253108685,72795004.0,,70677442.0,0,moderate
311,23,1,1.12,"Sam S, Coviello AD, Sung YA, Legro RS, Dunaif A. Metabolic phenotype in the brothers of women with polycystic ovary syndrome. Diabetes Care. 2008 Jun;31(6):1237-41. doi: 10.2337/dc07-2190. Epub 2008 Mar 10. PMID: 18332151; PMCID: PMC2897239. (primary citation)",2008,"Sam S et al., 2008",w2122745858,,18332151.0,354454613.0,0,moderate
318,49,1,1.12,"Sir-Petermann, T.; Angel, B.; Maliqueo, M.; Perez-Bravo, F. Glucose tolerance, insulin secretion and insulin resistance in parents of women with polycystic ovary sindrome. Diabetologia 2001;44:A86-A86.",2001,"Sir-Petermann et al., 2001",w4299323019,116073344.0,,,0,moderate
324,4,1,1.12,"TORCHEN, L., FOGEL, N. R., BRICKMAN, W., PAPARODIS, R. & DUNAIF, A. 2013. Persistent defects in pancreatic beta-cell function in early pubertal female relatives of women with polycystic ovary syndrome in a three year longitudinal study. Endocrine Reviews, 34.",2013,"TORCHEN et al., 2013",,,,71785551.0,0,moderate
325,5,1,1.12,"TORCHEN, L. C., FOGEL, N. R., BRICKMAN, W. J., MAURAS, N. & DUNAIF, A. 2012. Beta-cell dysfunction and hyperandrogenemia in PCOS early pubertal female relatives. Endocrine Reviews, 33.",2012,"TORCHEN et al., 2012",,,,70832516.0,0,moderate
339,50,2,2.1.1 / 2.1.2,"Jose, S. A.; Ravi, R.; Murthy, M. K. Quality of life in women with polycystic ovarian syndrome: Requisite of clinical pharmacist intervention. Asian Journal of Pharmaceutical and Clinical Research. Conference: 3rd International Conference on Academic and Industrial Innovations: Transitions in Pharmaceutical, Medical and Biosciences, INNOPHARM 2018;11(11): 2018",2018,"Jose et al., 2018",w2983354456,209282405.0,,2003727102.0,0,moderate
344,51,2,2.1.1 / 2.1.2,"Lidaka, L.; Lazdane, G.; Kivite-Urtane, A.; Gailite, L.; Dzivite-Krisane, I.; Stokenberga, I. Health-related quality of life and binge eating among adolescent girls with PCOS. Clinical and Experimental Obstetrics and Gynecology 2019;46(5)():831-832",2019,"Lidaka et al., 2019",w4220829977,247561465.0,,2017507953.0,0,moderate
374,52,2,2.2,"Erson Aksu, Elmas Beyazyüz, Yakup Albayrak, Nihan Potas, Ferit Durankuş, Gamze Uvaçin & Murat Beyazyüz (2019) Altered cooperativeness in patients with polycystic ovary syndrome, Psychiatry and Clinical Psychopharmacology, 29:4, 880-886, DOI: 10.1080/24750573.2019.1691357",2019,"Erson Aksu et al., 2019",w2990524069,213607886.0,,2003731708.0,0,low
376,53,2,2.2,"Altinkaya, O., Nergiz, S., Kucuk, M., & Yuksel, H. (2014). Depression and anxiety in relation with hormonal and metabolic profile in women with polycystic ovarian syndrome. Turkiye Klinikleri J Gynecol Obst, 24(3), 159-65.",2014,"Altinkaya et al., 2014",W1524022481,59115787.0,,600053569.0,0,low
378,96,2,2.2,"Annagür BB, Tazegül A, Akbaba N. Body Image, Self-Esteem and Depressive Symptomatology in Women with Polycystic Ovary Syndrome. Noro Psikiyatr Ars. 2014 Jun;51(2):129-132. doi: 10.4274/npa.y6778. Epub 2014 Jun 1. PMID: 28360612; PMCID: PMC5353087.",2014,"Annagür BB et al., 2014",w2331640933,19191609.0,28360612.0,,0,moderate
392,54,2,2.2,"Caltekin, M., Hamamci, M., Onat, T., Kirmizi, D., Baser, E., & Yalvac, E. (2021). Evaluation of Sleep Quality, Restless Legs Syndrome, Anxiety and Depression in Polycystic Ovary Syndrome. Journal Of Turkish Sleep Medicine, 3, 243-249.",2021,"Caltekin et al., 2021",w3187143115,238652994.0,,2014314591.0,0,moderate
401,97,2,2.2,"Enjezab B, Eftekhar M, Ghadiri-Anari A. Association between severity of depression and clinico-biochemical markers of polycystic ovary syndrome. Electron Physician. 2017 Nov 25;9(11):5820-5825. doi: 10.19082/5820. PMID: 29403625; PMCID: PMC5783134.",2017,"Enjezab B et al., 2017",w2772098745,45966791.0,29403625.0,,0,moderate
408,55,2,2.2,"HARMANCI, H., HERGÜNER, S., & TOY, H. (2013). Polikistik Over Sendromu olan Kadınlarda Psikiyatrik Belirtiler / Psychiatric Symptoms in Women with Polycystic Ovary Syndrome. Dusunen Adam: The Journal Of Psychiatry And Neurological Sciences, 26, 157-163. doi: 10.5350/dajpn2013260205",2013,"HARMANCI et al., 2013",w2121312829,75987892.0,,369621417.0,0,low
412,98,2,2.2,"Hussain A, Chandel RK, Ganie MA, Dar MA, Rather YH, Wani ZA, Shiekh JA, Shah MS. Prevalence of psychiatric disorders in patients with a diagnosis of polycystic ovary syndrome in kashmir. Indian J Psychol Med. 2015 Jan-Mar;37(1):66-70. doi: 10.4103/0253-7176.150822. PMID: 25722515; PMCID: PMC4341314.",2015,"Hussain A et al., 2015",w2142217362,44590120.0,25722515.0,,0,high
429,56,2,2.2,"Mukundan, A., & Jayakumari, S. (2019). RISK OF DEVELOPING DEPRESSION AND ITS IMPACT ON QUALITY OF LIFE IN PATIENTS WITH POLYCYSTIC OVARY SYNDROME - A SOUTH INDIAN SCENARIO. International Journal Of Pharmaceutical Sciences And Research, 10(6), 2956-2961.",2019,"Mukundan et al., 2019",w4252580798,212468337.0,,628004680.0,0,high
432,6,2,2.2,"Ozenli, Y., Haydardedeoglu, B., Micozkadioglu, I., Simsek, E., Bulgan Kilicdag, E., & Bagis, T. (2008). Anxiety, Depression and Ways of Coping Skills by Women with Polycystic Ovary Syndrome: A Controlled Study. J Turkish-German Gynecol Assoc, 9(4), 190-194.",2008,"Ozenli et al., 2008",,146131120.0,,354694034.0,0,moderate
437,99,2,2.2,"Sayyah-Melli M, Alizadeh M, Pourafkary N, Ouladsahebmadarek E, Jafari-Shobeiri M, Abbassi J, Kazemi-Shishvan MA, Sedaghat K. Psychosocial Factors Associated with Polycystic Ovary Syndrome: a Case Control Study. J Caring Sci. 2015 Sep 1;4(3):225-31. doi: 10.15171/jcs.2015.023. PMID: 26464839; PMCID: PMC4591610.",2015,"Sayyah-Melli M et al., 2015",w1953204053,43305076.0,26464839.0,,0,moderate
441,57,2,2.2,"Soyupek, F., Yildiz, S., Akkus, S., Guney, M., Mungan, M., & Eris, S. (2010). The Frequency of Fibromyalgia Syndrome in Patients with Polycystic Ovary Syndrome. Journal Of Musculoskeletal Pain, 18(2), 120-126. doi: 10.3109/10582452.2010.483968",2010,"Soyupek et al., 2010",w2052430720,72067654.0,,358850074.0,0,moderate
442,100,2,2.2,"Sulaiman MA, Al-Farsi YM, Al-Khaduri MM, Waly MI, Saleh J, Al-Adawi S. Psychological burden among women with polycystic ovarian syndrome in Oman: a case-control study. Int J Womens Health. 2017 Dec 12;9:897-904. doi: 10.2147/IJWH.S145383. PMID: 29276413; PMCID: PMC5731436.",2017,"Sulaiman MA et al., 2017",w2775575412,12960107.0,29276413.0,,0,low
444,24,2,2.2,"Tseng PH, Chiu HM, Tu CH, Wu MS, Ho HN, Chen MJ. Obesity Exacerbates Irritable Bowel Syndrome-Related Sleep and Psychiatric Disorders in Women With Polycystic Ovary Syndrome. Front Endocrinol (Lausanne). 2021 Nov 16;12:779456. doi: 10.3389/fendo.2021.779456. PMID: 34867827; PMCID: PMC8635163.",2021,"Tseng PH et al., 2021",w3214214522,,34867827.0,636556137.0,0,moderate
454,58,2,2.3,"Elkhiat, Y., Zedan, A., Mostafa, M. and Elhalwagi, A., (2015). Sexual desire in a sample of married Egyptian women with polycystic ovarian syndrome. Human Andrology. 2015; 5(3):49-57. DOI:10.1097/01.XHA.0000470182.71509.1b",2015,"Elkhiat et al., 2015",w2688837686,79586286.0,,,0,moderate
458,59,2,2.3,"Gateva, A. and Kamenov, Z., (2012). Sexual Function in Patients with PCOS and/or Obesity before and after Metformin Treatment. Advances in Sexual Medicine. 2012.  DOI: 10.4236/asm.2012.22005.",2012,"Gateva et al., 2012",w2017330661,41157207.0,,,0,moderate
478,60,2,2.3,"Thagavi, SA, Aramesh, S, Azizi-Kutenaee, M, Allan, H, Safarzadeh, T, Taheri, M, Salari, S, Khashavi & Bazarganipour, F. (2021) The influence of infertility on sexual and marital satisfaction in Iranian women with polycystic ovary syndrome: a case-control study. Middel East Fertilty Society Journal. 2021;26(2). doi.org/10.1186/s43043-020-00047-y",2021,"Thagavi et al., 2021",w3164914289,231672092.0,,2010134387.0,0,moderate
490,61,2,2.5,"Batcheller, A., Ressler, I., Sroga, J., Martinez, A., Thomas, M., Di Paola, K. (2013). Binge eating disorder in the infertile polycystic ovary syndrome patient. Fertility and Sterility, 2013.",2013,"Batcheller et al., 2013",w2001786233,56509414.0,,71165190.0,0,moderate
497,62,2,2.5,"Maher, M., Sanders, A.(2018). Eating indicators in women with polycystic ovary syndrome and weight-matched controls. FASEB Journal, 2018.",2018,"Maher et al., 2018",w4389020713,249773518.0,,616958696.0,0,moderate
498,63,2,2.5,"Lidaka, L., Lazdane, G., Kivite-Urtane, A., Gailite, L., Dzivite-Krisane, I., Stokenberga, I. (2019). Health-related quality of life and binge eating among adolescent girls with PCOS. Clinical and Experimental Obstetrics and Gynecology, 2019.",2019,"Lidaka et al., 2019",w4220829977,247561465.0,,2017507953.0,0,low
501,101,2,2.5,"Asdaq, S., Jomah, S., Hasa, R., Al-Baroundi, D., Alharbi, M., Alsubaie, S., Buhamad, M., Alyahya, B., Al-Yamani, MM. (2020). Impact of polycystic ovary syndrome on eating behavior, depression, and health related quality of life: A cross-sectional study in Riyadh. Saudi J Biol Sci, 2020.",2020,"Asdaq et al., 2020",w3082718272,225244935.0,33304140.0,,0,moderate
503,7,2,2.6.1,"Arif N, Khawaja S, Iqbal Q. Awareness of Polycystic Ovarian Disease: Knowledge and Presence of Presenting Symptoms. Pakistan Journal of Medical and Health Sciences. 2020;14(2):627-30.",2020,"Arif N et al., 2020",,,,2007799440.0,0,moderate
510,64,2,2.6.1,"Dutta, D., Bhattacharya, S., Khandelwal, D., Aggarwal, S., Singla, R., Surana, V., & Dhingra, A. (2020). Clinical Practice Patterns of Polycystic Ovary Syndrome Among Doctors of Different Specialtiesâ€”An Indian Perspective. US Endocrinology, 16(2), 74-79.",2020,"Dutta et al., 2020",w3121821669,229321450.0,,2010910951.0,0,moderate
516,65,2,2.6.1,"Salman AD,. Nurses--Midwifes Knowledge Concerning Polycystic Ovary Syndrome in Baghdad Hospitals. Indian Journal of Forensic Medicine & Toxicology. 2020 Oct 1;14(4).",2020,"Salman AD et al., 2020",w3161213105,236802222.0,,2005816964.0,0,low
542,102,2,2.6.1,"Williams S, Sheffield D, Knibb RC. â€˜Everythingâ€™s from the inside out with PCOSâ€™: Exploring womenâ€™s experiences of living with polycystic ovary syndrome and co-morbidities through Skypeâ„¢ interviews. Health psychology open. 2015 Aug 28;2(2):2055102915603051.",2015,"Williams S et al., 2015",w2163184119,18407773.0,28070371.0,,0,high
553,103,2,2.6.4,"Crete J, Adamshick P. Managing polycystic ovary syndrome: what our patients are telling us. Journal of Holistic Nursing. 2011 Dec;29(4):256-66.",2011,"Crete J et al., 2011",w4245670220,208271217.0,21357181.0,,0,low
567,66,2,2.6.4,"Sharma S, Mishra AJ. Tabooed disease in alienated bodies: A study of women suffering from Polycystic Ovary Syndrome (PCOS). Clinical Epidemiology and Global Health. 2018 Sep 1;6(3):130-6.",2018,"Sharma S et al., 2018",w2751228007,80606750.0,,618265900.0,0,moderate
573,104,2,2.6.4,"Williams S, Sheffield D, Knibb RC. ‘Everything’s from the inside out with PCOS’: Exploring women’s experiences of living with polycystic ovary syndrome and co-morbidities through Skype™ interviews. Health psychology open. 2015 Aug 28;2(2):2055102915603051.",2015,"Williams S et al., 2015",w2163184119,18407773.0,28070371.0,,0,low
592,8,3,3.1,"Nasrekani ZA, Fathi M. Efficacy of 12 weeks aerobic training on body composition, aerobic power and some women‐hormones in polycystic ovary syndrome infertile women. Iranian Journal of Obstetrics, Gynecology and Infertility 2016;19(5):1‐10.",2016,"Nasrekani ZA et al., 2016",,80790917.0,,610467126.0,0,high
596,25,3,3.1,"Saremi A, Nader, Karmali M, Kazemi M. Serum level of anti‐mullerian hormone after exercise training in women with polycystic ovary syndrome: a randomised controlled trial. Iranian Journal of Obstetrics, Gynecology and Infertility 2013;16(64):10.",2013,"Saremi A et al., 2013",W3121804787,,,373928478.0,0,high
598,105,3,3.1,"Turan V, Mutlu EK, Solmaz U, Ekin A, Tosun O, Tosun G, et al. Benefits of short‐term structured exercise in non‐overweight women with polycystic ovary syndrome: a prospective randomised controlled study. Journal of Physical Therapy Science 2015;27(7):2293‐7.",2015,"Turan V et al., 2015",w1220603315,19003810.0,26311969.0,,0,high
606,67,3,3.3,"Hosseini Marnani E., Ghadiri-Anari A., Ramezani-Jolfaie N., Mohammadi M., Abdollahi, A., Namayandeh S. M., et al. Effect of fennel supplementation along with high-protein, low-carbohydrate weight-loss diet on insulin resistance and percentage of fat and muscle mass in overweight/obese women with polycystic ovary syndrome. Journal of Functional Foods 2020 Vol. 67 Pages 103848. https://doi.org/10.1016/j.jff.2020.103848",2020,"Hosseini Marnani E. et al., 2020",w3006986157,213560502.0,,638322946.0,0,high
614,68,3,3.3,"Panico A, Lupoli GA, Cioffi I, Zacchia G, Caldara A, Lupoli G, Contaldo F, Pasanisi F. Effects of an isocaloric low-glycemic-load diet in polycystic ovary syndrome. Nutr Ther Metab. 2014;32:85–92.",2014,"Panico A et al., 2014",w2046968646,53766948.0,,,0,high
625,106,3,3.5,"Ahmadi A, Akbarzadeh M, Mohammadi F, Akbari M, Jafari B, Tolide-Ie HR. Anthropometric characteristics and dietary pattern of women with polycystic ovary syndrome. Indian J Endocrinol Metab. 2013 Jul;17(4):672-6. doi: 10.4103/2230-8210.113759. PMID: 23961484; PMCID: PMC3743368.",2013,"Ahmadi A et al., 2013",w1987971980,21880236.0,23961484.0,,0,low
626,9,3,3.5,"Alipouri, B., Roohelhami, E., Shahrdami, F., & Rashidkhani, B. (2019). Dietary glycemic index/glycemic load and their relationship with inflammatory markers in women with polycystic ovary syndrome. PROGRESS IN NUTRITION, 21, 115-121.",2019,"Alipouri et al., 2019",,,,2003764344.0,0,moderate
636,107,3,3.5,"Cutler DA, Pride SM, Cheung AP. Low intakes of dietary fiber and magnesium are associated with insulin resistance and hyperandrogenism in polycystic ovary syndrome: A cohort study. Food Sci Nutr. 2019 Feb 27;7(4):1426-1437. doi: 10.1002/fsn3.977. PMID: 31024716; PMCID: PMC6475723.",2019,"Cutler DA et al., 2019",w2919044080,86821974.0,31024716.0,,0,moderate
645,69,3,3.5,"Gopalan U , Ghose S , Karnaboopathy R , Comparison of dietary pattern and BMI in South Indian women with PCOS and controls. Indian J Obstet Gynecol Res 2021;8(1):57-60",2021,"Gopalan U  et al., 2021",w3136073933,233323076.0,,,0,high
652,108,3,3.5,"Khademi A, Alleyassin A, Aghahosseini M, Tabatabaeefar L, Amini M. The Effect of Exercise in PCOS Women Who Exercise Regularly. Asian J Sports Med. 2010 Mar;1(1):35-40. doi: 10.5812/asjsm.34874. PMID: 22375190; PMCID: PMC3289164.",2010,"Khademi A et al., 2010",w1524143062,17933974.0,22375190.0,,0,moderate
671,109,3,3.5,"Shishehgar F, Ramezani Tehrani F, Mirmiran P, Hajian S, Baghestani AR, Moslehi N. Comparison of Dietary Intake between Polycystic Ovary Syndrome Women and Controls. Glob J Health Sci. 2016 Sep 1;8(9):54801. doi: 10.5539/gjhs.v8n9p302. PMID: 27157182; PMCID: PMC5064084.",2016,"Shishehgar F et al., 2016",w2268610692,14483526.0,27157182.0,,0,moderate
672,110,3,3.5,"Shishehgar F, Tehrani FR, Mirmiran P, Hajian S, Baghestani AR, Moslehi N. Factors Influencing Physical Activity in Women with Polycystic Ovary Syndrome in Comparison to Eumenorrheic Non Hirsute Women. Glob J Health Sci. 2016 Oct 1;8(10):56382. doi: 10.5539/gjhs.v8n10p127. PMID: 27302456.",2016,"Shishehgar F et al., 2016",w2286769587,26655304.0,27302456.0,,0,low
676,10,3,3.5,"Thara, C., & Divakar, S. U. M. A. (2017). Assessment of nutritional status of PCOS women in Kerala. International Journal of Applied Home Science, 4(9-10), 717-722.",2017,"Thara et al., 2017",,,,373928478.0,0,high
696,70,3,3.6,"Chopra, S., Zehrung, R., Shanmugam, T. A., & Choe, E. K. (2021, May). Living with uncertainty and stigma: self-experimentation and support-seeking around polycystic ovary syndrome. In Proceedings of the 2021 CHI Conference on Human Factors in Computing Systems (pp. 1-18). https://doi.org/10.1145/3411764. 3445706",2021,"Chopra et al., 2021",w3160042174,233987295.0,,,0,insufficient information
702,11,4,4.2 / 4.3,"Aghamohammadzadeh N, Aliasgarzadeh A, Baglar L, Abdollahifard S, Bahrami A, Najafipour F, et al. Comparison of metformin and cyproteroneestrodiol compound effect on hs c-reactive protein and serum androgen levels in patients with poly cystic ovary syndrome. Pakistan journal of medical sciences. 2010;26(2):347-51.",2010,"Aghamohammadzadeh N et al., 2010",,54806151.0,,359164635.0,0,high
713,71,4,4.2 / 4.3,"Cetinkalp S, Karadeniz M, Erdogan M, Ozgen G, Saygl F, Ylmaz C. The effects of rosiglitazone, metformin, and estradiol-cyproterone acetate on lean patients with polycystic ovary syndrome. The Endocrinologist (Baltimore, Md). 2009;19(3):94-7.",2009,"Cetinkalp S et al., 2009",w2031049222,71889743.0,,354968176.0,0,high
719,12,4,4.2 / 4.3,"Dorgham N, Sharobim A, Haggag H, El-Kalioby M, Dorgham D. Adding Combined Oral Contraceptives or Metformin to Laser Treatment in Polycystic Ovarian Syndrome Hirsute Patients. J Drugs Dermatol. 2021;20(3):302-6.",2021,"Dorgham N et al., 2021",,233791824.0,33683076.0,2026790000.0,0,high
720,72,4,4.2 / 4.3,"El Maghraby HA, Nafee T, Guiziry D, Elnashar A. Randomized controlled trial of the effects of metformin versus combined oral contraceptives in adolescent PCOS women through a 24 month follow up period. Middle East Fertility Society journal. 2015;20(3):131-7.",2015,"El Maghraby HA et al., 2015",w2053834636,13870829.0,,605461528.0,0,high
743,73,4,4.2 / 4.3,"Kebapcilar L, Yuksel A, Bozkaya G, Taner CE, Kebapcilar AG, Bilgir O, et al. Effects of an EE/CA compared with EE/CA-metformin on serum ADMA levels in women with polycystic ovary syndrome. Central European journal of medicine. 2009;4(4):423-7.",2009,"Kebapcilar L et al., 2009",w2009170921,71262730.0,,50578233.0,0,high
747,111,4,4.2 / 4.3,"Kumar Y, Kotwal N, Singh Y, Upreti V, Somani S, Hari Kumar KVS. A randomized, controlled trial comparing the metformin, oral contraceptive pills and their combination in patients with polycystic ovarian syndrome. J Family Med Prim Care. 2018;7(3):551-6.",2018,"Kumar Y et al., 2018",w2883567752,52006991.0,30112307.0,,0,moderate
779,74,4,4.2 / 4.3,"Taheripanah R, Sepahvandi M, Entezari A, Amiri Z, Samani EN. Evaluation of serum PSA after cyproterone compound treatment compared with oral contraceptive pill in hirsute polycystic ovary syndrome patients. Middle East Fertility Society journal. 2010;15(3):159-62.",2010,"Taheripanah R et al., 2010",w2074345041,58507321.0,,359871221.0,0,high
797,13,4,4.4,"Karimzadeh MA, Eftekhar M, Taheripanah R, Tayebi N, Sakhavat L, Zare F. The effect of administration of metformin on lipid profile changes and insulin resistance in patients with polycystic ovary syndrome. Middle East Fertil Soc J 2007 (ROB included in last TR under Tang 2012)",2007,"Karimzadeh MA et al., 2007",,35054293.0,,351182983.0,0,high
828,14,4,4.4,"Aghamohammadzadeh N, Aliasgarzadeh A, Baglar L, Abdollahifard S, Bahrami A, Najafipour F, et al. Pregnancy rate in women with pcos with high lh/fsh ratio undergoing icsi. Pakistan Journal of Medical Science 2010",2010,"Aghamohammadzadeh N et al., 2010",,54806151.0,,351182983.0,0,high
829,75,4,4.4,"El Maghraby HA, Nafee T, Guiziry D, Elnashar A. Randomized controlled trial of the effects of metformin versus combined oral contraceptives in adolescent PCOS women through a 24 months follow up period. Middle East Fertility Society Journal 2015 (ROB included in last TR under Al Khalifa 2016)",2015,"El Maghraby HA et al., 2015",w2053834636,13870829.0,,605461528.0,0,high
834,112,4,4.4,"Kumar Y, Kotwal N, Singh Y, Upreti V, Somani S, Hari Kumar KV. A randomized, controlled trial comparing the metformin, oral contraceptive pills and their combination in patients with polycystic ovarian syndrome. Journal of Family Medicine and Primary Care 2018 ",2018,"Kumar Y et al., 2018",w2883567752,52006991.0,30112307.0,,0,moderate
845,76,4,4.4,"Kebapcilar, Levent; Yuksel, Arif; Bozkaya, Giray; Taner, Cuneyt Eftal; Kebapcilar, Ayse Gul; Bilgir, Oktay; Alacacioglu, Ahmet; Sari, Ismail Effects of an EE/CA compared with EE/CA-metformin on serum ADMA levels in women with polycystic ovary syndrome Central European journal of medicine 2009;4(4):423-427. ",2009,"Kebapcilar et al., 2009",w2009170921,71262730.0,,50578233.0,0,high
878,113,4,4.4,"Diri, H.; Bayram, F.; Simsek, Y.; Caliskan, Z.; Kocer, D. Comparison of Finasteride, Metformin, and Finasteride Plus Metformin in Pcos. Acta Endocrinol (Buchar) Jan-Mar 2017;13(1):84-89",2017,"Diri et al., 2017",w2605319969,78350653.0,31149153.0,,0,high
885,77,4,4.4,"Cetinkalp, S., Karadeniz, M., Erdogan, M., Ozgen, G., Saygl, F. and Ylmaz, C. 2009 The effects of rosiglitazone, metformin, and estradiol‐cyproterone acetate on lean patients with polycystic ovary syndrome. Endocrinologist. 2009 ",2009,"Cetinkalp et al., 2009",w2031049222,71889743.0,,354968176.0,0,high
890,114,4,4.4,"Shahebrahimi K, Jalilian N, Bazgir N, Rezaei M. Comparison clinical and metabolic effects of metformin and pioglitazone in polycystic ovary syndrome. Indian J Endocrinol Metab. 2016 ",2016,"Shahebrahimi K et al., 2016",w2539225005,40668339.0,27867884.0,,0,high
892,78,4,4.4,"Ahmad J, Shukla N, Khan AR, Ahmed F, Siddiqui MA. Comparisonof metabolic effects of metformin and rosiglitazone in the man-agement of polycystic ovary syndrome (PCOS): A prospective,parallel, randomized, open‐label study.Diabetes  Metab  Syndr:  ClinRes Rev. 2008 ",2008,"Ahmad J et al., 2008",w1992253895,57328601.0,,351194197.0,0,moderate
897,115,4,4.4,"Steiner CA, Janez A, Jensterle M, Reisinger K, Forst T, Pfützner A. Impact of treatment with rosiglitazone or metformin on biomarkers for insulin resistance and metabolic syndrome in patients with polycystic ovary syndrome. J Diabetes Sci Technol. 2007",2007,"Steiner CA et al., 2007",w2102364587,19976585.0,19888409.0,,0,high
913,79,4,4.5,"Zheng, S., Zhang, Y., Long, T., Lu, J., Liu, X., Yan, J., . . . Wang, F. (2017). Short term monotherapy with exenatide is superior to metformin in weight loss, improving insulin resistance and inflammation in Chinese overweight/obese PCOS women. Obesity Medicine, 7, 15-20. doi:https://doi.org/10.1016/j.obmed.2017.06.003 (primary citation)",2017,"Zheng et al., 2017",w2667417500,57120660.0,,616938809.0,0,high
942,80,4,4.7,"Angik, Riju, Shubhada S. Jajoo, C. Hariharan, and Amogh Chimote. 2017. “A Comparative Study of Metabolic and Hormonal Effects of Myoinositol vs. Metformin in Women with Polycystic Ovary Syndrome: A Randomised Controlled Trial.” International Journal of Reproduction, Contraception, Obstetrics and Gynecology; Vol 4, No 1 (2015): January-February 2015. https://www.ijrcog.org/index.php/ijrcog/article/view/1838/1588.
",2017,"Angik et al., 2017",w2147973171,73065943.0,,,0,insufficient information
944,116,4,4.7,"Bahadur, Anupama, Hitanshi Arora, Anoosha K Ravi, Manisha Naithani, Yogesh Bahurupi, Jaya Chaturvedi, Megha Ajmani, and Rajlaxmi Mundhra. 2021. “Comparison of Clinical, Metabolic and Hormonal Effects of Metformin Versus Combined Therapy of Metformin With Myoinositol Plus D-Chiro-Inositol in Women With Polycystic Ovary Syndrome (PCOS): A Randomized Controlled Trial.” Cureus 13 (6): e15510. https://doi.org/10.7759/cureus.15510.
",2021,"Bahadur et al., 2021",w3169139421,235901433.0,34268040.0,,0,moderate
946,81,4,4.7,"Chirania, Kishan, Sujata Misra, and Sandhya Behera. 2017. “A Randomised Clinical Trial Comparing Myoinositol and Metformin in PCOS.” International Journal of Reproduction, Contraception, Obstetrics and Gynecology; Vol 6, No 5 (2017): May 2017DO  - 10.18203/2320-1770.Ijrcog20171563. https://www.ijrcog.org/index.php/ijrcog/article/view/2671.
",2017,"Chirania et al., 2017",w2607125527,79989177.0,,,0,insufficient information
953,26,4,4.7,"Khan, R.B., M. Sarosh, and S. Anwer. 2022. “Role of Myo-Inositol and D-Chiro-Inositol in Improvement of Endocrine and Clinical Parameters in Teenage Girls Affected by PCOS: A Prospective Cohort Study.” Pakistan Journal of Medical and Health Sciences 16 (1): 21–24. https://doi.org/10.53350/pjmhs2216121.
",2022,"Khan et al., 2022",w4206580320,,,2016672759.0,0,high
954,82,4,4.7,"Maria Concetta Musacchio, Vincenzo De Leo. 2013. “A Combined Treatment with Myo-Inositol and Monacolin K Improve the Androgen and Lipid Profiles of Insulin-Resistant PCOS Patients.” J Metabolic Synd 02 (02). https://doi.org/10.4172/2167-0943.1000127.",2013,"Maria Concetta Musacchio et al., 2013",w2131839288,58940635.0,,,0,moderate
956,27,4,4.7,"Nehra, J., J. Kaushal, S.R. Singhal, and V.S. Ghalaut. 2017a. “A Comparative Study of Myo Inositol versus Metformin on Biochemical Profile in Polycystic Ovarian Syndrome in Women.” International Journal of Pharmaceutical Sciences and Research 8 (4): 1664–70. https://doi.org/10.13040/IJPSR.0975-8232.8(4).1664-70. (primary citation)",2017a,"Nehra et al., 2017a",w4248985049,,,615150236.0,0,high
957,83,4,4.7,"Nehra, J., J. Kaushal, S.R. Singhal, and V.S. Ghalaut., 2017b. “Comparision of Myo-Inositol versus Metformin on Anthropometric Parameters in Polycystic Ovarian Syndrome in Women.” International Journal of Pharmacy and Pharmaceutical Sciences 9 (4): 144–48. https://doi.org/10.22159/ijpps.2017v9i4.16359.",2017b,"Nehra et al., 2017b",w2597520647,13845373.0,,615120957.0,0,high
958,84,4,4.7,"Nestler, J.E., D.J. Jakubowicz, P. Reamer, R.D. Gunn, and G. Allan. 1999. “Ovulatory and Metabolic Effects of D-Chiro-Inositol in the Polycystic Ovary Syndrome.” New England Journal of Medicine 340 (17): 1314–20. https://doi.org/10.1056/NEJM199904293401703.
",1999,"Nestler et al., 1999",w2095365589,15507717.0,,29196593.0,0,moderate
972,15,4,4.8,"Dorgham, N.; Sharobim, A.; Haggag, H.; El-Kalioby, M.; Dorgham, D. (2021). Adding combined oral contraceptives or metformin to l aser treatment in polycystic ovarian syndrome hirsute patients.  Journal of drugs in dermatology: JDD 2021;20(3)302-306. Doi: 10.36849/JDD.2021.5652",2021,"Dorgham et al., 2021",,233791824.0,33683076.0,634512057.0,0,high
1016,85,4,4.10.,"Gupta, A.; Raina, K.; Kalkkar, T.; et al. (2009): Pregnancy outcome in women with the polycystic ovarian syndrome. JK Science 11, 2, 82-84, http://www.jkscience.org/archive/vol112/8%20Original%20Article-Pregnancy%20Outcome%20-.pdf",2009,"Gupta et al., 2009",W2408925727,59140811.0,,354931889.0,0,low
1025,86,4,4.10.,"Nouh, A. A.; Shalaby, S. M. (2011): The predictive value of uterine blood flow in detecting the risk of adverse pregnancy outcome in patients with polycystic ovary syndrome. Middle East Fertility Society Journal 16, 4, 284-290. http://dx.doi.org/10.1016/j.mefs.2011.09.001.",2011,"Nouh et al., 2011",w1985459390,57710136.0,,51661279.0,0,low
1033,87,4,4.10.,"Elkholi, D. G. E. Y.; Nagy, H. M. (2014): The effects of adipocytokines on the endocrino-metabolic features and obstetric outcome in pregnant obese women with polycystic ovary syndrome. Middle East Fertility Society Journal 19, 4, 293-302. http://dx.doi.org/10.1016/j.mefs.2014.02.001.",2014,"Elkholi et al., 2014",w1999903747,71253485.0,,53069927.0,0,low
1050,117,4,4.10.,"Wang, F.; Dai, W.; Yang, X. H.; et al. (2016): Analyses of optimal body mass index for infertile patients with either polycystic or non-polycystic ovary syndrome during assisted reproductive treatment in China. Sci 6, 34538. https://dx.doi.org/10.1038/srep34538.",2016,"Wang et al., 2016",w2525537909,9584356.0,27686055.0,,0,high
1103,88,5,5.1,"Abu-Fakher B, Al-Quobaili F, Alhalabi M. Follicular fluid antimullerian hormone (AMH) does not predict IVF outcomes in polycystic ovary syndrome patients. Middle East Fertility Society Journal. 2013;18(2):110-4.",2013,"Abu-Fakher B et al., 2013",w2118265312,220661290.0,,52423932.0,0,moderate
1105,16,5,5.1,"Al Safi WG, Hassan MF. Pregnancy rate in women with pcos with high lh/fsh ratio undergoing icsi. Latin American Journal of Pharmacy. 2021;40(Special Issue):336-40.",2021,"Al Safi WG et al., 2021",,,,2007699495.0,0,moderate
1110,89,5,5.1,"Bakir VL, Karahan G. Evaluation of obesity and metabolic status in polycystic ovary syndrome in fertile and infertile groups. Zeynep Kamil Tip Bulteni. 2019;50(2):44-8.",2019,"Bakir VL et al., 2019",w2945467490,240967579.0,,2004208947.0,0,moderate
1213,28,5,5.4,"Tang T, Glanville J, Hayden CJ, White D, Barth JH, Balen AH. Combined lifestyle modification and metformin in obese patients with polycystic ovary syndrome. A randomized, placebo-controlled, double-blind multicentre study. Hum Reprod. 2006 Jan;21(1):80-9. doi: 10.1093/humrep/dei311. Epub 2005 Sep 30 [Tang 2006b]",2006,"Tang T et al., 2006",w2137832653,,16199429.0,41794294.0,0,moderate
1226,90,5,5.5,"Yadav P, Singh S, Singh R, Jain M, Awasthi S, Raj P. To study the effect on fertility outcome by gonadotropins vs laparoscopic ovarian drilling in clomiphene-resistant cases of polycystic ovarian syndrome. Journal of SAFOG 2017; 9(4): 336‐340.",2017,"Yadav P et al., 2017",w2790709118,73680219.0,,623600800.0,0,high
1232,91,5,5.6,"Sharma, M., Kriplani, A., & Agarwal, N. (2006). Laparoscopic bipolar versus unipolar ovarian drilling in infertile women with resistant polycystic ovarian syndrome: a pilot study. Journal of gynecologic surgery, 22(3), 105-111.",2006,"Sharma et al., 2006",w2074742535,72379561.0,,46092405.0,0,high
1233,92,5,5.6,"Yadav P, Singh S, Singh R, Jain M, Awasthi S, Raj P. To study the effect on fertility outcome by gonadotropins vs laparoscopic ovarian drilling in clomiphene-resistant cases of polycystic ovarian syndrome. Journal of SAFOG 2017; 9(4): 336‐340.",2017,"Yadav P et al., 2017",w2790709118,73680219.0,,623600800.0,0,high
1234,93,5,5.7.1,"Ashrafi, Mahnaz & Moini, Ashraf & Mohammadzadeh, Afsaneh & Ezabadi, Zahra & Zafarani, Fatemeh & Baghestani, Ahmad. (2005). A comparative study of GnRH antagonist and GnRH agonist in PCO patients undergoing IVF/ICSI cycles. Iranian Journal of Reproductive Medicine (ISSN: 1680-6433) Vol 3 Num 1. 3. ",2005,"Ashrafi et al., 2005",W2162847277,54603939.0,,,0,high
1238,118,5,5.7.1,"Kurzawa, R.; Ciepiela, P.; Baczkowski, T.; Safranow, K.; Brelik, P. Comparison of embryological and clinical outcome in GnRH antagonist vs. GnRH agonist protocols for in vitro fertilization in PCOS non‐obese patients. A prospective randomized study. J Assist Reprod Genet 2008, 25, 365‐74",2008,"Kurzawa et al., 2008",w2063252447,25676987.0,18802744.0,,0,low
